model,mae,rmse,smape
Pooled15,296.082832589559,573.9375804780736,0.41896966153568693
Direct14_SelectedTotalLags,302.0254053110446,603.8875837289067,0.42676082210892585
Direct14,303.0841382006397,595.258296775529,0.42486675996260986
Direct14_OtherAndSelectedLags,306.6377745898972,614.294252979714,0.43012825614462274
Direct14_OtherLags,310.0199206209794,615.4188898824178,0.43464618931372656
